Cost_impression,Profit_impression,Value_impression,Cost_clicks,Profit_clicks,Value_clicks,Cost_interactions,Profit_interactions,Value_interactions,total_investment,ROI
0.02,0.09,0.06999999999999999,0.2,1.04,0.8400000000000001,0.08,0.4,0.32,72434.0,433.98
0.02,0.03,0.009999999999999998,0.09,0.19,0.1,0.15,0.32,0.17,149355.0,121.86
0.02,0.1,0.08,0.26,1.31,1.05,0.16,0.54,0.38,86429.0,408.7
